#,Suite file,Describe path,Test name,Tags,Baseline result (20 Aug 2026),QA Automated Status
P001,testSuiteallmodulesrejectedit.spec.js,All-modules reject → edit → resubmit,"CXO: reject → edit (qty↓, title) → resubmit → new workflow",@RejectEdit @CXO,PASS,Automated (pre-sheet)
P002,testSuiteallmodulesrejectedit.spec.js,All-modules reject → edit → resubmit,"Intake: reject → edit (qty↓, title) → resubmit → new workflow",@RejectEdit @Intake,PASS,Automated (pre-sheet)
P003,testSuiteallmodulesrejectedit.spec.js,All-modules reject → edit → resubmit,RFX: intake → sourcing → reject → edit (qty↓) → resubmit → intake re-convertible,@RejectEdit @RFX,PASS,Automated (pre-sheet)
P004,testSuiteallmodulesrejectedit.spec.js,All-modules reject → edit → resubmit,GRN: build to GRN → reject → edit (qty↓) → reduced qty available for GRN,@RejectEdit @GRN,PASS,Automated (pre-sheet)
P005,testSuiteallmodulesrejectedit.spec.js,All-modules reject → edit → resubmit,Invoice: build to Invoice → reject → edit (qty↓) → reduced qty available for Invoice,@RejectEdit @Invoice,PASS,Automated (pre-sheet)
P006,testSuiteallmodulesrejectedit.spec.js,All-modules reject → edit → resubmit,Invoice (resume from saved PO): create Invoice → reject → edit (qty↓) → reduced qty available,@RejectEdit @InvoiceOnly,FAIL,Automated (pre-sheet)
P007,testSuiteallmodulesrejectedit.spec.js,All-modules reject → edit → resubmit,Invoice (resume from rejected invoice): edit (qty↓) → resubmit → approve → ack → reduced qty available,@RejectEdit @InvoiceEditOnly,FAIL,Automated (pre-sheet)
P008,testSuiteCxoInvoice.spec.js,Non-PO (CXO) Invoice,CXO → Non-PO invoice for the full CXO value → approve → ack → Accounted,@NonPO @Smoke @Budget,PASS,Automated (pre-sheet)
P009,testSuiteCxoInvoice.spec.js,Non-PO (CXO) Invoice,CXO code is displayed on the invoice,@NonPO @Traceability,PASS,Automated (pre-sheet)
P010,testSuiteCxoInvoice.spec.js,Non-PO (CXO) Invoice,Invoice value above the CXO value is blocked with Budget Exceeded,@NonPO @Budget,PASS,Automated (pre-sheet)
P011,testSuiteCxoInvoice.spec.js,Non-PO (CXO) Invoice,Second invoice against a fully consumed CXO is blocked,@NonPO @Budget,PASS,Automated (pre-sheet)
P012,testSuiteCxoInvoice.spec.js,Non-PO (CXO) Invoice,"Partial consumption reduces available value, then available+1 is blocked",@NonPO @Budget,PASS,Automated (pre-sheet)
P013,testSuiteCxoInvoice.spec.js,Non-PO (CXO) Invoice,Only Submitted CXOs with available value are selectable,@NonPO @Validation,PASS,Automated (pre-sheet)
P014,testSuiteCxoInvoice.spec.js,Non-PO (CXO) Invoice,Submitting an empty Non-PO invoice is blocked with field errors,@NonPO @Validation,PASS,Automated (pre-sheet)
P015,testSuiteCxoInvoice.spec.js,Non-PO (CXO) Invoice,Rejection keeps budget consumed; cancellation releases it,@NonPO @Budget @Reject @Cancel,FAIL,Automated (pre-sheet)
P016,testSuiteIntakeListing.spec.js,Aerchain NSE - Intake Listing Page > Page Load & Structure,should load the intake listing page,@Smoke,PASS,Automated (pre-sheet)
P017,testSuiteIntakeListing.spec.js,Aerchain NSE - Intake Listing Page > Page Load & Structure,should display all 5 status summary cards,@Smoke,PASS,Automated (pre-sheet)
P018,testSuiteIntakeListing.spec.js,Aerchain NSE - Intake Listing Page > Page Load & Structure,should display the Create Intake button,@Smoke,PASS,Automated (pre-sheet)
P019,testSuiteIntakeListing.spec.js,Aerchain NSE - Intake Listing Page > Page Load & Structure,should display pagination info,@Smoke,PASS,Automated (pre-sheet)
P020,testSuiteIntakeListing.spec.js,Aerchain NSE - Intake Listing Page > Page Load & Structure,should display at least one table row,@Smoke,PASS,Automated (pre-sheet)
P021,testSuiteIntakeListing.spec.js,Aerchain NSE - Intake Listing Page > Status Cards,Draft card is visible,@StatusCard,PASS,Automated (pre-sheet)
P022,testSuiteIntakeListing.spec.js,Aerchain NSE - Intake Listing Page > Status Cards,Awaiting Actions card is visible,@StatusCard,PASS,Automated (pre-sheet)
P023,testSuiteIntakeListing.spec.js,Aerchain NSE - Intake Listing Page > Status Cards,Active/Released card is visible,@StatusCard,PASS,Automated (pre-sheet)
P024,testSuiteIntakeListing.spec.js,Aerchain NSE - Intake Listing Page > Status Cards,Completed/Successful card is visible,@StatusCard,PASS,Automated (pre-sheet)
P025,testSuiteIntakeListing.spec.js,Aerchain NSE - Intake Listing Page > Status Cards,Cancelled/Rejected card is visible,@StatusCard,PASS,Automated (pre-sheet)
P026,testSuiteIntakeListing.spec.js,Aerchain NSE - Intake Listing Page > Status Cards,clicking a status card refreshes the table,@StatusCard,PASS,Automated (pre-sheet)
P027,testSuiteIntakeListing.spec.js,Aerchain NSE - Intake Listing Page > Status Cards,clicking Draft card (0 records) shows empty or 0 rows,@StatusCard,PASS,Automated (pre-sheet)
P028,testSuiteIntakeListing.spec.js,Aerchain NSE - Intake Listing Page > Filters > Positive,filter popup opens on clicking Status filter icon,@Filter,PASS,Automated (pre-sheet)
P029,testSuiteIntakeListing.spec.js,Aerchain NSE - Intake Listing Page > Filters > Positive,filter popup opens on clicking Created By filter icon,@Filter,PASS,Automated (pre-sheet)
P030,testSuiteIntakeListing.spec.js,Aerchain NSE - Intake Listing Page > Filters > Positive,search within filter popup narrows the option list,@Filter,PASS,Automated (pre-sheet)
P031,testSuiteIntakeListing.spec.js,Aerchain NSE - Intake Listing Page > Filters > Positive,single filter by Created By — table updates,@Filter,PASS,Automated (pre-sheet)
P032,testSuiteIntakeListing.spec.js,Aerchain NSE - Intake Listing Page > Filters > Positive,single filter by Status — table updates,@Filter,FAIL,Automated (pre-sheet)
P033,testSuiteIntakeListing.spec.js,Aerchain NSE - Intake Listing Page > Filters > Positive,multi-filter: Status then Created By — table updates,@Filter,PASS,Automated (pre-sheet)
P034,testSuiteIntakeListing.spec.js,Aerchain NSE - Intake Listing Page > Filters > Positive,filter clear resets to all records,@Filter,PASS,Automated (pre-sheet)
P035,testSuiteIntakeListing.spec.js,Aerchain NSE - Intake Listing Page > Filters > Positive,clear all selections button resets popup state,@Filter,PASS,Automated (pre-sheet)
P036,testSuiteIntakeListing.spec.js,Aerchain NSE - Intake Listing Page > Filters > Negative,filter search with non-existent user does not crash popup,@Filter,PASS,Automated (pre-sheet)
P037,testSuiteIntakeListing.spec.js,Aerchain NSE - Intake Listing Page > Filters > Edge Cases,special characters in filter search do not crash,@Filter,PASS,Automated (pre-sheet)
P038,testSuiteIntakeListing.spec.js,Aerchain NSE - Intake Listing Page > Filters > Edge Cases,long string in filter search does not crash,@Filter,PASS,Automated (pre-sheet)
P039,testSuiteIntakeListing.spec.js,Aerchain NSE - Intake Listing Page > Sorting > Positive,sort Code column — first click applies a sort,@Sort,PASS,Automated (pre-sheet)
P040,testSuiteIntakeListing.spec.js,Aerchain NSE - Intake Listing Page > Sorting > Positive,sort Code column — second click still shows records,@Sort,PASS,Automated (pre-sheet)
P041,testSuiteIntakeListing.spec.js,Aerchain NSE - Intake Listing Page > Sorting > Positive,sort Subject column — applies a sort,@Sort,PASS,Automated (pre-sheet)
P042,testSuiteIntakeListing.spec.js,Aerchain NSE - Intake Listing Page > Sorting > Positive,sort Subject column — second click still shows records,@Sort,PASS,Automated (pre-sheet)
P043,testSuiteIntakeListing.spec.js,Aerchain NSE - Intake Listing Page > Sorting > Positive,sort Date column — applies a date sort,@Sort,PASS,Automated (pre-sheet)
P044,testSuiteIntakeListing.spec.js,Aerchain NSE - Intake Listing Page > Sorting > Positive,sort Date column — second click still shows records,@Sort,PASS,Automated (pre-sheet)
P045,testSuiteIntakeListing.spec.js,Aerchain NSE - Intake Listing Page > Sorting > Positive,sort Status column — applies a sort,@Sort,PASS,Automated (pre-sheet)
P046,testSuiteIntakeListing.spec.js,Aerchain NSE - Intake Listing Page > Sorting > Positive,sorting after tab switch still works,@Sort,PASS,Automated (pre-sheet)
P047,testSuiteIntakeListing.spec.js,Aerchain NSE - Intake Listing Page > Sorting > Negative,column values remain non-empty after sort (no crash for duplicates),@Sort,PASS,Automated (pre-sheet)
P048,testSuiteIntakeListing.spec.js,Aerchain NSE - Intake Listing Page > Search > Positive,search by partial intake code returns results,@Search,PASS,Automated (pre-sheet)
P049,testSuiteIntakeListing.spec.js,Aerchain NSE - Intake Listing Page > Search > Positive,search by exact intake code returns at least 1 row,@Search,PASS,Automated (pre-sheet)
P050,testSuiteIntakeListing.spec.js,Aerchain NSE - Intake Listing Page > Search > Positive,search by partial subject returns results,@Search,PASS,Automated (pre-sheet)
P051,testSuiteIntakeListing.spec.js,Aerchain NSE - Intake Listing Page > Search > Positive,search by exact subject returns results,@Search,PASS,Automated (pre-sheet)
P052,testSuiteIntakeListing.spec.js,Aerchain NSE - Intake Listing Page > Search > Positive,search with different case does not crash the page,@Search,PASS,Automated (pre-sheet)
P053,testSuiteIntakeListing.spec.js,Aerchain NSE - Intake Listing Page > Search > Positive,clearing search restores all records,@Search,PASS,Automated (pre-sheet)
P054,testSuiteIntakeListing.spec.js,Aerchain NSE - Intake Listing Page > Search > Negative,non-existent search term does not crash the page,@Search,PASS,Automated (pre-sheet)
P055,testSuiteIntakeListing.spec.js,Aerchain NSE - Intake Listing Page > Search > Negative,spaces-only search does not crash the page,@Search,PASS,Automated (pre-sheet)
P056,testSuiteIntakeListing.spec.js,Aerchain NSE - Intake Listing Page > Search > Negative,SQL injection string in search does not break the page,@Search,PASS,Automated (pre-sheet)
P057,testSuiteIntakeListing.spec.js,Aerchain NSE - Intake Listing Page > Search > Negative,XSS payload in search does not inject script,@Search,PASS,Automated (pre-sheet)
P058,testSuiteIntakeListing.spec.js,Aerchain NSE - Intake Listing Page > Search > Edge Cases,very long string in search does not crash,@Search,PASS,Automated (pre-sheet)
P059,testSuiteIntakeListing.spec.js,Aerchain NSE - Intake Listing Page > Search > Edge Cases,special characters in search do not crash,@Search,PASS,Automated (pre-sheet)
P060,testSuiteIntakeListing.spec.js,Aerchain NSE - Intake Listing Page > Search > Edge Cases,unicode characters in search do not crash,@Search,PASS,Automated (pre-sheet)
P061,testSuiteIntakeListing.spec.js,Aerchain NSE - Intake Listing Page > Pagination > Positive,"pagination info shows ""Showing X – Y of Z entries""",@Pagination,PASS,Automated (pre-sheet)
P062,testSuiteIntakeListing.spec.js,Aerchain NSE - Intake Listing Page > Pagination > Positive,Previous button is disabled on first page,@Pagination,PASS,Automated (pre-sheet)
P063,testSuiteIntakeListing.spec.js,Aerchain NSE - Intake Listing Page > Pagination > Positive,Next page changes pagination info,@Pagination,PASS,Automated (pre-sheet)
P064,testSuiteIntakeListing.spec.js,Aerchain NSE - Intake Listing Page > Pagination > Positive,Next then Previous returns to original page,@Pagination,PASS,Automated (pre-sheet)
P065,testSuiteIntakeListing.spec.js,Aerchain NSE - Intake Listing Page > Pagination > Positive,Next button is disabled on last page,@Pagination,PASS,Automated (pre-sheet)
P066,testSuiteIntakeListing.spec.js,Aerchain NSE - Intake Listing Page > Pagination > Negative / Edge Cases,rapid next-page clicks do not break the table,@Pagination,PASS,Automated (pre-sheet)
P067,testSuiteIntakeListing.spec.js,Aerchain NSE - Intake Listing Page > Pagination > Pagination after Filter / Search / Sort,search on page 2 does not crash the page,@Pagination,PASS,Automated (pre-sheet)
P068,testSuiteIntakeListing.spec.js,Aerchain NSE - Intake Listing Page > Pagination > Pagination after Filter / Search / Sort,table shows correct rows on page 2 after sort,@Pagination,PASS,Automated (pre-sheet)
P069,testSuiteIntakeListing.spec.js,Aerchain NSE - Intake Listing Page > Row Navigation > Positive,clicking first row code opens the detail page,@Navigation,PASS,Automated (pre-sheet)
P070,testSuiteIntakeListing.spec.js,Aerchain NSE - Intake Listing Page > Row Navigation > Positive,URL changes to detail URL after row click,@Navigation,PASS,Automated (pre-sheet)
P071,testSuiteIntakeListing.spec.js,Aerchain NSE - Intake Listing Page > Row Navigation > Positive,browser back from detail page returns to listing,@Navigation,PASS,Automated (pre-sheet)
P072,testSuiteIntakeListing.spec.js,Aerchain NSE - Intake Listing Page > Row Navigation > Positive,detail page contains the clicked intake code,@Navigation,PASS,Automated (pre-sheet)
P073,testSuiteIntakeListing.spec.js,Aerchain NSE - Intake Listing Page > Row Navigation > Edge Cases,back and re-click the same row is stable,@Navigation,PASS,Automated (pre-sheet)
P074,testSuiteIntakeListing.spec.js,Aerchain NSE - Intake Listing Page > Row Navigation > Edge Cases,refreshing the detail page keeps the URL intact,@Navigation,PASS,Automated (pre-sheet)
P075,testSuiteIntakeListing.spec.js,Aerchain NSE - Intake Listing Page > Create Intake Button > Positive,Create Intake button is visible on listing page,@Create,PASS,Automated (pre-sheet)
P076,testSuiteIntakeListing.spec.js,Aerchain NSE - Intake Listing Page > Create Intake Button > Positive,Create Intake button navigates to create page,@Create,PASS,Automated (pre-sheet)
P077,testSuiteIntakeListing.spec.js,Aerchain NSE - Intake Listing Page > Create Intake Button > Positive,URL is /intakes/create after clicking Create Intake,@Create,PASS,Automated (pre-sheet)
P078,testSuiteIntakeListing.spec.js,Aerchain NSE - Intake Listing Page > Create Intake Button > Positive,browser back from create page returns to listing,@Create,PASS,Automated (pre-sheet)
P079,testSuiteIntakeListing.spec.js,Aerchain NSE - Intake Listing Page > Create Intake Button > Edge Cases,navigating back from create page preserves listing rows,@Create,PASS,Automated (pre-sheet)
P080,testSuiteIntakeNegative.spec.js,Intake Negative,Submit empty intake → blocked on create page with section error badges,@IntakeNegative @Validation,PASS,Automated (pre-sheet)
P081,testSuiteIntakeNegative.spec.js,Intake Negative,"Empty submit → expanded sections show red borders + ""is empty"" messages",@IntakeNegative @Validation,PASS,Automated (pre-sheet)
P082,testSuiteIntakeNegative.spec.js,Intake Negative,Title + summary only → still blocked (mandatory fields missing),@IntakeNegative @Validation,PASS,Automated (pre-sheet)
P083,testSuiteIntakeNegative.spec.js,Intake Negative,Whitespace-only title is treated as empty,@IntakeNegative @Title,PASS,Automated (pre-sheet)
P084,testSuiteIntakeNegative.spec.js,Intake Negative,Very long title is accepted without breaking the form,@IntakeNegative @Title,PASS,Automated (pre-sheet)
P085,testSuiteIntakeNegative.spec.js,Intake Negative,Special characters / HTML in title are stored literally,@IntakeNegative @Title,PASS,Automated (pre-sheet)
P086,testSuiteIntakeNegative.spec.js,Intake Negative,"Line-item Qty rejects negatives, accepts decimals",@IntakeNegative @LineItem,PASS,Automated (pre-sheet)
P087,testSuiteIntakeNegative.spec.js,Intake Negative,Line-item Qty rejects zero / non-numeric only input,@IntakeNegative @LineItem,PASS,Automated (pre-sheet)
P088,testSuiteIntakeNegative.spec.js,Intake Negative,Line-item Suggested Price rejects negative values,@IntakeNegative @LineItem,PASS,Automated (pre-sheet)
P089,testSuiteIntakeNegative.spec.js,Intake Negative,Create + submit intake → Reject with reason → status Rejected,@IntakeNegative @Reject,PASS,Automated (pre-sheet)
P090,testSuiteIntakeNegative.spec.js,Intake Negative,Create + submit → Recall → Draft → edit → resubmit re-triggers the workflow,@IntakeNegative @Recall,PASS,Automated (pre-sheet)
P091,testSuiteIntakeNegative.spec.js,Intake Negative,Pending Approval: Regenerate → Download → PDF shows correct status + fields,@IntakeNegative @Document,PASS,Automated (pre-sheet)
P092,testSuiteIntakeNegative.spec.js,Intake Negative,Rejected: Regenerate → Download → PDF shows correct status + fields,@IntakeNegative @Document,PASS,Automated (pre-sheet)
P093,testSuiteIntakeNegative.spec.js,Intake Negative,Draft: Regenerate → Download → PDF shows correct status + fields,@IntakeNegative @Document,PASS,Automated (pre-sheet)
P094,testSuiteIntakeNegative.spec.js,Intake Negative,Released: Regenerate → Download → PDF shows correct status + fields,@IntakeNegative @Document,PASS,Automated (pre-sheet)
P095,testSuiteIntakeNegative.spec.js,Intake Negative,Clone an intake → new intake → submit → approve to Released → only its own new workflows,@IntakeNegative @Clone,PASS,Automated (pre-sheet)
P096,testSuiteIntakeNegative.spec.js,Intake Negative,Amend a Released intake → change qty + title → submit → complete workflow → Workflow Stages Completed,@IntakeNegative @Amend,PASS,Automated (pre-sheet)
P097,testSuiteIntakeNegative.spec.js,Intake Negative,"Reassign Purchaser on a Released intake → add two, then replace → Activity Log captures both",@IntakeNegative @Reassign,PASS,Automated (pre-sheet)
P098,testSuiteIntakeNegative.spec.js,Intake Negative,Reassign User on a Released intake → select user + reason → Submit,@IntakeNegative @ReassignUser,PASS,Automated (pre-sheet)
P099,testSuiteIntakeNegative.spec.js,Intake Negative,Mark Processed on a Released intake → status Processed → Activity Log captures it,@IntakeNegative @MarkProcessed,PASS,Automated (pre-sheet)
P100,testSuiteIntakeNegative.spec.js,Intake Negative,Cancel a partially-filled intake discards and leaves the create page,@IntakeNegative @Cancel,PASS,Automated (pre-sheet)
P101,testSuiteNsefCXOtest.spec.js,CXO Create — Positive,Expand-all reveals the form sections and their fields,@CXO @Positive,PASS,Automated (pre-sheet)
P102,testSuiteNsefCXOtest.spec.js,CXO Create — Negative,"Submit empty form is blocked with a ""title required"" toast",@CXO @Negative,PASS,Automated (pre-sheet)
P103,testSuiteNsefCXOtest.spec.js,CXO Create — Negative,"Submit empty form is blocked with an ""Item Details row required"" toast",@CXO @Negative,PASS,Automated (pre-sheet)
P104,testSuiteNsefCXOtest.spec.js,CXO Create — Negative,Empty form flags every mandatory section with an error badge,@CXO @Negative,PASS,Automated (pre-sheet)
P105,testSuiteNsefCXOtest.spec.js,CXO Create — Negative,Empty form shows the expected mandatory-field error counts per section,@CXO @Negative,FAIL,Automated (pre-sheet)
P106,testSuiteNsefCXOtest.spec.js,CXO Create — Negative,Submit with sections expanded shows a red border on unfilled mandatory fields,@CXO @Negative,PASS,Automated (pre-sheet)
P107,testSuiteNsefCXOtest.spec.js,CXO Create — Negative,Title-only submit clears the title error but stays blocked on other sections,@CXO @Negative,PASS,Automated (pre-sheet)
P108,testSuiteNsefCXOtest.spec.js,CXO Create — Negative,Cancel from the create page leaves the form,@CXO @Negative,PASS,Automated (pre-sheet)
P109,testSuiteNsefCXOtest.spec.js,CXO Create — Edge Cases,"Whitespace-only title is accepted as-is (not trimmed, no title error)",@CXO @Edge,PASS,Automated (pre-sheet)
P110,testSuiteNsefCXOtest.spec.js,CXO Create — Edge Cases,Special characters / emoji are accepted in the title,@CXO @Edge,PASS,Automated (pre-sheet)
P111,testSuiteNsefCXOtest.spec.js,CXO Create — Edge Cases,Very long title (300 chars) is accepted in the title field,@CXO @Edge,PASS,Automated (pre-sheet)
P112,testSuiteNsefCXOtest.spec.js,CXO Create — Edge Cases,Qty field rejects negative values (minus sign stripped),@CXO @Edge,PASS,Automated (pre-sheet)
P113,testSuiteNsefCXOtest.spec.js,CXO Create — Edge Cases,Qty field accepts decimal values,@CXO @Edge,PASS,Automated (pre-sheet)
P114,testSuiteNsefCXOtest.spec.js,CXO — Revert Pending Budget,Create + release a CXO → More → Revert Pending Budget → amount + reason → Submit,@CXO @RevertBudget,PASS,Automated (pre-sheet)
P115,testSuiteNsefCXOtest.spec.js,CXO — More Dropdown (Released CXO),Clone a Released CXO → pre-filled clone form → Submit → approve until Released,@CXO @Clone,PASS,Automated (pre-sheet)
P116,testSuiteNsefCXOtest.spec.js,CXO — More Dropdown (Released CXO),Amend a Released CXO → edit title → Submit with reason → approve until Released,@CXO @Amend,PASS,Automated (pre-sheet)
P117,testSuiteNsefCXOtest.spec.js,CXO — More Dropdown (Released CXO),Mark Processed a Released CXO → More → Mark Processed → reason → status Processed,@CXO @MarkProcessed,PASS,Automated (pre-sheet)
P118,testSuiteNsefCXOtest.spec.js,CXO — More Dropdown (Released CXO),Cancel a Released CXO → More → Cancel → reason → status Cancelled,@CXO @Cancel,PASS,Automated (pre-sheet)
P119,testSuiteNsefCXOtest.spec.js,CXO — Document (Regenerate + Download),Draft: Regenerate → Download → PDF shows correct status + fields,@CXO @Document,PASS,Automated (pre-sheet)
P120,testSuiteNsefCXOtest.spec.js,CXO — Document (Regenerate + Download),Pending Approval: Regenerate → Download → PDF shows correct status + fields,@CXO @Document,PASS,Automated (pre-sheet)
P121,testSuiteNsefCXOtest.spec.js,CXO — Document (Regenerate + Download),Released: Regenerate → Download → PDF shows correct status + fields,@CXO @Document,PASS,Automated (pre-sheet)
P122,testSuiteNsefCXOtest.spec.js,CXO — Document (Regenerate + Download),Rejected: Regenerate → Download → PDF shows correct status + fields,@CXO @Document,FAIL,Automated (pre-sheet)
P123,testSuiteNsefCXOtest.spec.js,CXO Listing Page > Page Load & Structure,listing page loads with table rows,@Listing @Smoke,PASS,Automated (pre-sheet)
P124,testSuiteNsefCXOtest.spec.js,CXO Listing Page > Page Load & Structure,all listing tabs are visible,@Listing @Smoke,PASS,Automated (pre-sheet)
P125,testSuiteNsefCXOtest.spec.js,CXO Listing Page > Page Load & Structure,Create CXO button and pagination info are visible,@Listing @Smoke,PASS,Automated (pre-sheet)
P126,testSuiteNsefCXOtest.spec.js,CXO Listing Page > Tabs,"switching to ""My Pending Approval"" activates that tab",@Listing @Tabs,PASS,Automated (pre-sheet)
P127,testSuiteNsefCXOtest.spec.js,CXO Listing Page > Tabs,"switching to ""Draft"" activates that tab",@Listing @Tabs,PASS,Automated (pre-sheet)
P128,testSuiteNsefCXOtest.spec.js,CXO Listing Page > Tabs,"returning to ""All"" tab shows records again",@Listing @Tabs,PASS,Automated (pre-sheet)
P129,testSuiteNsefCXOtest.spec.js,CXO Listing Page > Sorting > Positive,sort Code column keeps records (first + second click),@Listing @Sort,PASS,Automated (pre-sheet)
P130,testSuiteNsefCXOtest.spec.js,CXO Listing Page > Sorting > Positive,sort Subject column keeps records (first + second click),@Listing @Sort,PASS,Automated (pre-sheet)
P131,testSuiteNsefCXOtest.spec.js,CXO Listing Page > Sorting > Positive,sort Date column keeps records (first + second click),@Listing @Sort,PASS,Automated (pre-sheet)
P132,testSuiteNsefCXOtest.spec.js,CXO Listing Page > Sorting > Positive,sort Status column keeps records (first + second click),@Listing @Sort,PASS,Automated (pre-sheet)
P133,testSuiteNsefCXOtest.spec.js,CXO Listing Page > Sorting > Negative,Code column values stay non-empty after sort (handles duplicates),@Listing @Sort,PASS,Automated (pre-sheet)
P134,testSuiteNsefCXOtest.spec.js,CXO Listing Page > Search > Positive,search by partial code returns results,@Listing @Search,PASS,Automated (pre-sheet)
P135,testSuiteNsefCXOtest.spec.js,CXO Listing Page > Search > Positive,search by exact code returns at least one row,@Listing @Search,PASS,Automated (pre-sheet)
P136,testSuiteNsefCXOtest.spec.js,CXO Listing Page > Search > Positive,search by partial subject returns results,@Listing @Search,PASS,Automated (pre-sheet)
P137,testSuiteNsefCXOtest.spec.js,CXO Listing Page > Search > Positive,different-case search does not crash the page,@Listing @Search,PASS,Automated (pre-sheet)
P138,testSuiteNsefCXOtest.spec.js,CXO Listing Page > Search > Positive,clearing the search restores records,@Listing @Search,PASS,Automated (pre-sheet)
P139,testSuiteNsefCXOtest.spec.js,CXO Listing Page > Search > Negative,non-existent search term shows no results without crashing,@Listing @Search,PASS,Automated (pre-sheet)
P140,testSuiteNsefCXOtest.spec.js,CXO Listing Page > Search > Negative,spaces-only search does not crash the page,@Listing @Search,PASS,Automated (pre-sheet)
P141,testSuiteNsefCXOtest.spec.js,CXO Listing Page > Search > Negative,SQL-injection string does not break the page,@Listing @Search,PASS,Automated (pre-sheet)
P142,testSuiteNsefCXOtest.spec.js,CXO Listing Page > Search > Negative,XSS payload does not inject a script,@Listing @Search,PASS,Automated (pre-sheet)
P143,testSuiteNsefCXOtest.spec.js,CXO Listing Page > Search > Edge Cases,very long search string does not crash,@Listing @Search,PASS,Automated (pre-sheet)
P144,testSuiteNsefCXOtest.spec.js,CXO Listing Page > Search > Edge Cases,special characters in search do not crash,@Listing @Search,PASS,Automated (pre-sheet)
P145,testSuiteNsefCXOtest.spec.js,CXO Listing Page > Search > Edge Cases,unicode characters in search do not crash,@Listing @Search,PASS,Automated (pre-sheet)
P146,testSuiteNsefCXOtest.spec.js,CXO Listing Page > Filters > Positive,Status filter popup opens,@Listing @Filter,PASS,Automated (pre-sheet)
P147,testSuiteNsefCXOtest.spec.js,CXO Listing Page > Filters > Positive,Created By filter popup opens,@Listing @Filter,PASS,Automated (pre-sheet)
P148,testSuiteNsefCXOtest.spec.js,CXO Listing Page > Filters > Positive,filtering by Status updates the table,@Listing @Filter,PASS,Automated (pre-sheet)
P149,testSuiteNsefCXOtest.spec.js,CXO Listing Page > Filters > Positive,filtering by Created By updates the table,@Listing @Filter,PASS,Automated (pre-sheet)
P150,testSuiteNsefCXOtest.spec.js,CXO Listing Page > Filters > Negative / Edge,non-existent user in filter search does not crash the popup,@Listing @Filter,PASS,Automated (pre-sheet)
P151,testSuiteNsefCXOtest.spec.js,CXO Listing Page > Filters > Negative / Edge,special characters in filter search do not crash the popup,@Listing @Filter,PASS,Automated (pre-sheet)
P152,testSuiteNsefCXOtest.spec.js,CXO Listing Page > Pagination > Positive,"pagination info shows ""Showing X – Y of Z entries""",@Listing @Pagination,PASS,Automated (pre-sheet)
P153,testSuiteNsefCXOtest.spec.js,CXO Listing Page > Pagination > Positive,Previous is disabled on the first page,@Listing @Pagination,PASS,Automated (pre-sheet)
P154,testSuiteNsefCXOtest.spec.js,CXO Listing Page > Pagination > Positive,Next page changes the pagination range,@Listing @Pagination,PASS,Automated (pre-sheet)
P155,testSuiteNsefCXOtest.spec.js,CXO Listing Page > Pagination > Positive,Next then Previous returns to the original range,@Listing @Pagination,PASS,Automated (pre-sheet)
P156,testSuiteNsefCXOtest.spec.js,CXO Listing Page > Pagination > Positive,Next is disabled on the last page,@Listing @Pagination,PASS,Automated (pre-sheet)
P157,testSuiteNsefCXOtest.spec.js,CXO Listing Page > Pagination > Negative / Edge,search on page 2 does not crash the page,@Listing @Pagination,PASS,Automated (pre-sheet)
P158,testSuiteNsefCXOtest.spec.js,CXO Listing Page > Row Navigation > Positive,clicking the first row code opens the detail page,@Listing @Navigation,PASS,Automated (pre-sheet)
P159,testSuiteNsefCXOtest.spec.js,CXO Listing Page > Row Navigation > Positive,browser back from the detail page returns to the listing,@Listing @Navigation,PASS,Automated (pre-sheet)
P160,testSuiteNsefCXOtest.spec.js,CXO Listing Page > Row Navigation > Edge Cases,refreshing the detail page keeps the URL intact,@Listing @Navigation,PASS,Automated (pre-sheet)
P161,testSuiteNsefCXOtest.spec.js,CXO Listing Page > Create CXO Button,Create CXO button opens the create page,@Listing @Create,PASS,Automated (pre-sheet)
P162,testSuiteNSEFhappyPATHS.spec.js,NSEF Happy Paths,Create CXO with all mandatory fields → verify BRF auto-populate → Submit,@CXO @Smoke,PASS,Automated (pre-sheet)
P163,testSuiteNSEFhappyPATHS.spec.js,NSEF Happy Paths,Create Intake → fill all details → Submit → approve until Released,@Intake @Smoke,PASS,Automated (pre-sheet)
P164,testSuiteNSEFhappyPATHS.spec.js,NSEF Happy Paths,Open saved Intake from listing → Process → Send for Sourcing,@Intake @Sourcing,PASS,Automated (pre-sheet)
P165,testSuiteNSEFhappyPATHS.spec.js,NSEF Happy Paths,Quote the RFX → foreclose,@Sourcing @Quote,PASS,Automated (pre-sheet)
P166,testSuiteNSEFhappyPATHS.spec.js,NSEF Happy Paths,Award the RFX → wait for auto-created Purchase Requisition,@Sourcing @Award,PASS,Automated (pre-sheet)
P167,testSuiteNSEFhappyPATHS.spec.js,NSEF Happy Paths,PR edit → submit → status Submitted,@Requisition @PR,PASS,Automated (pre-sheet)
P168,testSuiteNSEFhappyPATHS.spec.js,NSEF Happy Paths,Submitted PR auto-processes → PRC (Processed) → PO (Completed),@Requisition @PRC @PO,PASS,Automated (pre-sheet)
P169,testSuiteNSEFhappyPATHS.spec.js,NSEF Happy Paths,Completed PR → open PO via conversion → GRN → approve until Inwarded,@PO @GRN,PASS,Automated (pre-sheet)
P170,testSuiteNSEFhappyPATHS.spec.js,NSEF Happy Paths,Invoice for the PO (matched to its GRN) → approve until Pending Sync,@PO @Invoice,PASS,Automated (pre-sheet)
P171,testSuiteNSEFhappyPATHS.spec.js,NSEF Happy Paths,Acknowledge the Pending Sync invoice via API → status becomes Accounted,@PO @Invoice @Ack,PASS,Automated (pre-sheet)
P172,testSuiteNSEFhappyPATHS.spec.js,NSEF Happy Paths,Pay the Accounted invoice → Submit → payment shows Completed,@PO @Invoice @Payment,PASS,Automated (pre-sheet)
P173,testSuiteNSETracksHotfixes.spec.js,NSE Tracks & Hotfixes > Tracks,Modules show transactions per user department access,@Tracks @DeptAccess,PASS,Automated (pre-sheet)
P174,testSuiteRFXtests.spec.js,RFX Listing Page,listing page loads with table rows,@RFX @Listing @Smoke,PASS,Automated (pre-sheet)
P175,testSuiteRFXtests.spec.js,RFX Listing Page > Search — Negative,non-existent search term shows no results without crashing,@RFX @Listing @Search,PASS,Automated (pre-sheet)
P176,testSuiteRFXtests.spec.js,RFX Listing Page > Search — Negative,spaces-only search does not crash the page,@RFX @Listing @Search,PASS,Automated (pre-sheet)
P177,testSuiteRFXtests.spec.js,RFX Listing Page > Search — Negative,SQL-injection string does not break the page,@RFX @Listing @Search,PASS,Automated (pre-sheet)
P178,testSuiteRFXtests.spec.js,RFX Listing Page > Search — Negative,XSS payload does not inject a script,@RFX @Listing @Search,PASS,Automated (pre-sheet)
P179,testSuiteRFXtests.spec.js,RFX Listing Page > Search — Edge Cases,very long search string does not crash,@RFX @Listing @Search,PASS,Automated (pre-sheet)
P180,testSuiteRFXtests.spec.js,RFX Listing Page > Search — Edge Cases,special characters in search do not crash,@RFX @Listing @Search,PASS,Automated (pre-sheet)
P181,testSuiteRFXtests.spec.js,RFX Listing Page > Search — Edge Cases,unicode characters in search do not crash,@RFX @Listing @Search,PASS,Automated (pre-sheet)
P182,testSuiteRFXtests.spec.js,RFX Listing Page > Search — Edge Cases,different-case search does not crash the page,@RFX @Listing @Search,PASS,Automated (pre-sheet)
P183,testSuiteRFXtests.spec.js,RFX Listing Page > Search — Edge Cases,clearing the search restores records,@RFX @Listing @Search,PASS,Automated (pre-sheet)
P184,testSuiteRFXtests.spec.js,RFX Listing Page > Filters — Negative / Edge,non-existent value in Status filter does not crash the popup,@RFX @Listing @Filter,PASS,Automated (pre-sheet)
P185,testSuiteRFXtests.spec.js,RFX Listing Page > Filters — Negative / Edge,special characters in Created By filter do not crash the popup,@RFX @Listing @Filter,PASS,Automated (pre-sheet)
P186,testSuiteRFXtests.spec.js,RFX Listing Page > Pagination — Negative / Edge,search on page 2 does not crash the page,@RFX @Listing @Pagination,PASS,Automated (pre-sheet)
P187,testSuiteRFXtests.spec.js,RFX Listing Page > Row Navigation,clicking the first row opens the RFX detail page,@RFX @Listing @Navigation,PASS,Automated (pre-sheet)
P188,testSuiteRFXtests.spec.js,RFX Listing Page > Row Navigation,browser back from the detail page returns to the listing,@RFX @Listing @Navigation,PASS,Automated (pre-sheet)
P189,testSuiteRFXtests.spec.js,RFX Listing Page > Row Navigation,refreshing the detail page keeps the URL intact,@RFX @Listing @Navigation,PASS,Automated (pre-sheet)
P190,testSuiteRFXtests.spec.js,RFX More Dropdown (Quote Request),More → Audit Logs opens the audit-log dialog,@RFX @MoreDropdown,PASS,Automated (pre-sheet)
P191,testSuiteRFXtests.spec.js,RFX More Dropdown (Quote Request),More → Workflow Stages opens the Workflow Steps panel,@RFX @MoreDropdown,PASS,Automated (pre-sheet)
P192,testSuiteRFXtests.spec.js,RFX More Dropdown (Quote Request),More → Regenerate Document shows the success toast,@RFX @MoreDropdown,PASS,Automated (pre-sheet)
P193,testSuiteRFXtests.spec.js,RFX More Dropdown (Quote Request),More → Download Document downloads the RFX PDF,@RFX @MoreDropdown,PASS,Automated (pre-sheet)
P194,testSuiteRFXtests.spec.js,RFX Reject during workflow,Sourcing event → submit → Reject at Pending Approval → status Rejected,@RFX @Reject,PASS,Automated (pre-sheet)
P195,testSuiteSupplierPortal.spec.js,Supplier Portal Happy Path,Create CXO with all mandatory fields → Submit → Released,@Supplier @CXO,PASS,Automated (pre-sheet)
P196,testSuiteSupplierPortal.spec.js,Supplier Portal Happy Path,Create Intake → fill all → Submit → Released,@Supplier @Intake,PASS,Automated (pre-sheet)
P197,testSuiteSupplierPortal.spec.js,Supplier Portal Happy Path,Open Intake → Process → Send for Sourcing → RFX live,@Supplier @Sourcing,PASS,Automated (pre-sheet)
P198,testSuiteSupplierPortal.spec.js,Supplier Portal Happy Path,[SAPP] Quote the RFX → Accept → Commercial Quote → Submit,@Supplier @SAPP @Quote,PASS,Automated (pre-sheet)
P199,testSuiteSupplierPortal.spec.js,Supplier Portal Happy Path,Award the RFX → foreclose → auto-created PR,@Supplier @Award,PASS,Automated (pre-sheet)
P200,testSuiteSupplierPortal.spec.js,Supplier Portal Happy Path,PR edit → submit → Submitted,@Supplier @PR,PASS,Automated (pre-sheet)
P201,testSuiteSupplierPortal.spec.js,Supplier Portal Happy Path,Submitted PR → PRC (Processed) → PO (Completed),@Supplier @PRC @PO,PASS,Automated (pre-sheet)
P202,testSuiteSupplierPortal.spec.js,Supplier Portal Happy Path,PO approve → [SAPP] Accept PO → [CAPP] Create GRN → Inwarded,@Supplier @SAPP @GRN,PASS,Automated (pre-sheet)
P203,testSuiteSupplierPortal.spec.js,Supplier Portal Happy Path,[SAPP] Create Invoice for PO → [CAPP] review → Pending Sync,@Supplier @SAPP @Invoice,PASS,Automated (pre-sheet)
P204,testSuiteSupplierPortal.spec.js,Supplier Portal Happy Path,Acknowledge the Pending Sync invoice via API → Accounted,@Supplier @Ack,PASS,Automated (pre-sheet)
